surfspot,beach,region,crowds,difficulty,link,img link
Tiajuan Slough,Imperial Beach,San Diego,3,3,https://www.surfline.com/surf-report/tijuana-slough/5842041f4e65fad6a77088cb,https://www.californiabeaches.com/wp-content/uploads/2014/09/IMG_2928-Large-650x433.jpg
Imperial Pier South,Imperial Beach,San Diego,3.9,3.2,https://www.surfline.com/surf-report/imperial-pier-southside/5842041f4e65fad6a7708844,https://www.californiabeaches.com/wp-content/uploads/2014/09/bigs-Sunset-At-Imperial-Beach-CA-with-Pier-Large-e1482471671800-650x423.jpg
Imperial Pier North,Imperial Beach,San Diego,3.9,3.2,https://www.surfline.com/surf-report/imperial-pier-northside/5842041f4e65fad6a7708847?camId=58349a78e411dc743a5d529c,https://www.californiabeaches.com/wp-content/uploads/2014/09/bigstock-Imperial-Beach-City-Beach-and-Pier-Sunset-90695552-e1480389034625-650x416.jpg
Cornado Beach,Cornado Beach,San Diego,3.4,3.3,https://www.surfline.com/surf-report/coronado-beach/5842041f4e65fad6a77088ce,https://www.californiabeaches.com/wp-content/uploads/2014/09/IMG_1896-Large1-e1544571818231-650x370.jpg
Sunset Cliffs,Point Loma,San Diego,1.6,3.9,https://www.surfline.com/surf-report/sunset-cliffs/5842041f4e65fad6a7708840,https://www.californiabeaches.com/wp-content/uploads/2014/09/Sunset-Cliffs-Park-San-Dieg-Bryce-feb2015-4-650x412.jpg
Ocean Beach Pier,Ocean Beach,San Diego,2.5,2,https://www.surfline.com/surf-report/ocean-beach-pier-/59aedf63b5e8310014bbe375,https://www.californiabeaches.com/wp-content/uploads/2014/09/bigs-Ocean-Beach-San-Diego-California-161828237-Large-e1518554577262-650x396.jpg
Ocean Beach ,Ocean Beach,San Diego,3.2,3.5,https://www.surfline.com/surf-report/ocean-beach/5842041f4e65fad6a770883f,https://www.californiabeaches.com/wp-content/uploads/2014/09/IMG_0189-Large-650x433.jpg
Misiion Beach,Misiion Beach,San Diego,2.5,3.5,https://www.surfline.com/surf-report/mission-beach/5842041f4e65fad6a7708842,https://www.californiabeaches.com/wp-content/uploads/2014/09/IMG_3024crop-Large-650x452.jpg
Pacific Beach South,Pacific Beach,San Diego,2.3,2.3,https://www.surfline.com/surf-report/pacific-beach-south/5c53891576aef400012a0b67,https://www.californiabeaches.com/wp-content/uploads/2014/09/bigs-Pacific-Beach-Aerial-View-with-Pier-PB-San-Diego-CA-E1-Large-e1509516135898-650x385.jpg
Pacific Beach,Pacific Beach,San Diego,3,1,https://www.surfline.com/surf-report/pacific-beach/5842041f4e65fad6a7708841?camId=58349ea13421b20545c4b568,https://www.californiabeaches.com/wp-content/uploads/2014/09/IMG_3068crop-Large-650x356.jpg
Old Mans at Tourmaline,Pacific Beach,San Diego,2.5,1.2,https://www.surfline.com/surf-report/old-man-s-at-tourmaline/5842041f4e65fad6a77088c4?camId=5f29e43f4a641b0b4103763b,https://www.californiabeaches.com/wp-content/uploads/2014/09/Tourmaline-Surf-Park-Beach-Bryce-Apr2016-9-650x429.jpg
PB Point,Pacific Beach,San Diego,2.3,2.3,https://www.surfline.com/surf-report/pb-point/5842041f4e65fad6a77088c2,https://www.californiabeaches.com/wp-content/uploads/2014/09/Tourmaline-Surf-Park-Beach-Bryce-Apr2016-3-650x468.jpg
Birdrock,La Jolla,San Diego,3.5,4,https://www.surfline.com/surf-report/birdrock/5842041f4e65fad6a770883a,https://www.californiabeaches.com/wp-content/uploads/2014/09/IMG_3218-Large-650x433.jpg
Windandsea,La Jolla,San Diego,2.7,3.7,https://www.surfline.com/surf-report/windansea/5842041f4e65fad6a770883c,https://www.californiabeaches.com/wp-content/uploads/2014/09/bigs-La-Jolla-CA-Windansea-Beach-E1-Large-650x367.jpg
Horseshoe,La Jolla,San Diego,3,4,https://www.surfline.com/surf-report/horseshoe/5842041f4e65fad6a770883d,https://www.californiabeaches.com/wp-content/uploads/2014/09/bigs-La-Jolla-Beach-with-people-on-rocks-at-sunset-147576329-Large-650x410.jpg
La Jolla Shores,La Jolla,San Diego,2.3,2.5,https://www.surfline.com/surf-report/la-jolla-shores/5842041f4e65fad6a77088cc,https://www.californiabeaches.com/wp-content/uploads/2014/09/IMG_3373-Large-650x432.jpg
Scripps,La Jolla,San Diego,3.7,3.7,https://www.surfline.com/surf-report/scripps/5842041f4e65fad6a7708839?camId=5834a0733421b20545c4b584,https://www.californiabeaches.com/wp-content/uploads/2014/09/bigs-Scripps-pier-in-La-Jolla-at-sunset-with-beautiful-relfections-socal-Large-650x396.jpg
Scripps Pier,La Jolla,San Diego,3.7,3.7,https://www.surfline.com/surf-report/scripps-pier-northside/5d703b2ae4a3a8000133196a,https://www.californiabeaches.com/wp-content/uploads/2014/09/IMG_3393-Large-e1465938612888-650x392.jpg
Blacks,La Jolla,San Diego,2.1,3.9,https://www.surfline.com/surf-report/blacks/5842041f4e65fad6a770883b,https://www.californiabeaches.com/wp-content/uploads/2014/09/BigS-Overlooking-Blacks-Beach-San-Diego-CA-Large-e1512026583176-650x408.jpg
Torrey Pines State Beach,La Jolla,San Diego,3.7,3,https://www.surfline.com/surf-report/torrey-pines-state-beach/584204204e65fad6a7709994?camId=5fc815430279d0502a5d0645,https://www.californiabeaches.com/wp-content/uploads/2014/09/Flat-Rock-beach-Torrey-Pines-State-Beach-preserve-la-jolla-san-diego-ca-bryce-pic-4-Large-650x422.jpg
15th St,Del Mar,San Diego,1.5,2,https://www.surfline.com/surf-report/15th-st-/5842041f4e65fad6a77088af,https://www.californiabeaches.com/wp-content/uploads/2014/09/IMG_1892-Large1-650x452.jpg
Del Mar ,Del Mar,San Diego,3.3,3.3,https://www.surfline.com/surf-report/del-mar/5d7687fdb4c559000112e666,https://www.californiabeaches.com/wp-content/uploads/2014/09/IMG_1886-Large1-e1503531242232-650x402.jpg
Del Mar Beachbreak,Del Mar,San Diego,3.3,3.3,https://www.surfline.com/surf-report/del-mar-beachbreak/5842041f4e65fad6a77088ae?camId=5b47dc4d49d3d8001a29f2d6,https://www.californiabeaches.com/wp-content/uploads/2014/09/IMG_9552-Large-650x433.jpg
25th St,Del Mar,San Diego,4,4,https://www.surfline.com/surf-report/25th-st-/584204214e65fad6a7709d14,https://www.californiabeaches.com/wp-content/uploads/2014/09/IMG_9531-Large-650x433.jpg
Del Mar Rivermouth,Del Mar,San Diego,4,4,https://www.surfline.com/surf-report/del-mar-rivermouth/5842041f4e65fad6a77088b0,https://www.californiabeaches.com/wp-content/uploads/2014/09/IMG_9550-Large-650x433.jpg
Seaside Reef,Cardif by the Sea,San Diego,2,4,https://www.surfline.com/surf-report/seaside-reef/5842041f4e65fad6a77088b3,https://www.californiabeaches.com/wp-content/uploads/2014/09/Cardiff-State-Beach-Seaside-BryceApr16-2-650x349.jpg
Georges,Cardif by the Sea,San Diego,4,3,https://www.surfline.com/surf-report/george-s/584204214e65fad6a7709d1a,https://www.californiabeaches.com/wp-content/uploads/2014/09/IMG_9428-Large-650x433.jpg
Cardiff Reef North,Cardif by the Sea,San Diego,2.3,3,https://www.surfline.com/surf-report/cardiff-reef-north/5ecd3fb73be5ff93e88736b5,https://www.californiabeaches.com/wp-content/uploads/2014/09/Cardiff-State-Beach-Seaside-BryceApr16-5-650x394.jpg
Cardif Reef South,Cardif by the Sea,San Diego,2.3,3,https://www.surfline.com/surf-report/cardiff-reef-south/584204214e65fad6a7709d19,https://www.californiabeaches.com/wp-content/uploads/2014/09/Cardiff-State-Beach-North-Encinitas-BryceApr16-4-650x459.jpg
San Elijo,Cardif by the Sea,San Diego,2,1,https://www.surfline.com/surf-report/san-elijo-state-beach/5842041f4e65fad6a77088b8?camId=58349ffa3421b20545c4b57f,https://www.californiabeaches.com/wp-content/uploads/2014/09/San-Elijo-State-Beach-Encinitas-bryceApr16-2-e1493337502831-650x400.jpg
Traps,Cardif by the Sea,San Diego,2,1,https://www.surfline.com/surf-report/traps-at-san-elijo/5842041f4e65fad6a77088b5,https://spot-thumbnails.cdn-surfline.com/spots/584204214e65fad6a7709c79/584204214e65fad6a7709c79_1500.jpg
Pipes ,Cardif by the Sea,San Diego,2,1,https://www.surfline.com/surf-report/pipes/5c008f5313603c0001df5318,https://fastly.4sqi.net/img/general/200x200/1074117_Sxk3CddcSyORmbCFY9X-OgdTf_5uM1AC37XLK54l8tI.jpg
Swamis ,Encinitas,San Diego,3,2.8,https://www.surfline.com/surf-report/swami-s/5842041f4e65fad6a77088b4?camId=5834a1203421b20545c4b590,https://www.californiabeaches.com/wp-content/uploads/2014/09/IMG_9263-Large-650x433.jpg
D St,Encinitas,San Diego,3.3,2.3,https://www.surfline.com/surf-report/d-street/5842041f4e65fad6a77088b7,https://www.californiabeaches.com/wp-content/uploads/2014/09/IMG_9308-Large1-650x450.jpg
Moonlight State Beach,Encinitas,San Diego,2.2,3,https://www.surfline.com/surf-report/moonlight-state-beach/5842041f4e65fad6a77088a3?camId=5fc814ba28bffe4023d0359a,https://www.californiabeaches.com/wp-content/uploads/2014/09/IMG_1866-Large2-650x488.jpg
Beacons,Leucadia,San Diego,2.7,2.3,https://www.surfline.com/surf-report/beacons/5842041f4e65fad6a77088a0,https://www.californiabeaches.com/wp-content/uploads/2014/09/bigs-Beacons-Beach-looking-north-Encintas-CA-168083300-Large-650x406.jpg
Grandview,Leucadia,San Diego,2.2,3.5,https://www.surfline.com/surf-report/grandview/5842041f4e65fad6a770889f?camId=58a37450ea714bf7668c0001,https://www.californiabeaches.com/wp-content/uploads/2014/09/IMG_3507-Large-e1466817314872-1000x617.jpg
Ponto South,Carlsbad,San Diego,2.5,2.5,https://www.surfline.com/surf-report/ponto-south/5c351aa692333200012daaed,https://www.californiabeaches.com/wp-content/uploads/2014/09/IMG_9244-Large-650x463.jpg
Ponto Jetties,Carlsbad,San Diego,2.5,2.5,https://www.surfline.com/surf-report/ponto-jetties/5842041f4e65fad6a77088a5?camId=58349f3e3421b20545c4b570,https://www.californiabeaches.com/wp-content/uploads/2014/09/IMG_9240-Large1-650x433.jpg
Ponto North,Carlsbad,San Diego,2.5,2.5,https://www.surfline.com/surf-report/ponto-north/584204214e65fad6a7709c79,https://www.californiabeaches.com/wp-content/uploads/2014/09/IMG_9242-Large1-650x423.jpg
Terra Mar Point,Carlsbad,San Diego,2.2,2.5,https://www.surfline.com/surf-report/terra-mar-point/5842041f4e65fad6a77088a6,https://www.californiabeaches.com/wp-content/uploads/2014/09/bigs-View-north-toward-Terramar-Beach-in-Carlsbad-CA-Large-e1512696317274-650x414.jpg
Tamarack ,Carlsbad,San Diego,2,3,https://www.surfline.com/surf-report/tamarack/5842041f4e65fad6a7708837,https://www.californiabeaches.com/wp-content/uploads/2014/09/IMG_2685-Large1-650x433.jpg
Carlsbad State Beach South,Carlsbad,San Diego,2.9,2.3,https://www.surfline.com/surf-report/carlsbad-state-beach-south/5bfdced06871990001fd9ff2?camId=5bfda1f033218e72e882d24c,https://www.californiabeaches.com/wp-content/uploads/2014/09/Beach-Day-3.26.14-222-Large-650x450.jpg
Carlsbad State Beach North,Carlsbad,San Diego,2.9,2.3,https://www.surfline.com/surf-report/carlsbad-state-beach-north/5d4dc10680c2430001b119fb,https://www.californiabeaches.com/wp-content/uploads/2014/09/Carlsbad-City-Beach-BryceApr16-4-650x427.jpg
Forster St,Oceanside,San Diego,2.9,2.3,https://www.surfline.com/surf-report/forster-st-oceanside/5bec658795aee10001fadde5,https://www.californiabeaches.com/wp-content/uploads/2014/09/Beach-Day-3.26.14-395-Large-650x444.jpg
The Rock,Oceanside,San Diego,3.5,4,https://www.surfline.com/surf-report/the-rock-oceanside/5c0060aa12c17b0001a78941,https://www.californiabeaches.com/wp-content/uploads/2014/09/bigs-Oceanside-Beach-Lifeguard-Tower-162931184-Large-e1512522347185-650x398.jpg
"Oceanside Pier, Southside Overview",Oceanside,San Diego,2.6,3.4,https://www.surfline.com/surf-report/oceanside-pier-southside-overview/5bef424a0990af00019d9a89,https://www.californiabeaches.com/wp-content/uploads/2014/09/bigs-Oceanside-Pier-View-South-Beach-seen-from-pier-donors-names-on-rail-E1-Large-650x385.jpg
"Oceanside Harbor, North Jetty",Oceanside,San Diego,3.2,3.5,https://www.surfline.com/surf-report/oceanside-harbor-north-jetty/5842041f4e65fad6a7708832,https://www.californiabeaches.com/wp-content/uploads/2014/09/Beach-Day-3.26.14-447-Large-650x396.jpg
"Oceanside Harbor, South Jetty",Oceanside,San Diego,3.2,3.5,https://www.surfline.com/surf-report/oceanside-harbor-south-jetty/5842041f4e65fad6a77088a9?camId=5bedd5ef73e2db033c225d78,https://www.californiabeaches.com/wp-content/uploads/2014/09/Beach-Day-3.26.14-444-Large-650x409.jpg
Trails,San Clemente,Orange County,3.7,2,https://www.surfline.com/surf-report/trails/5842041f4e65fad6a7708885,https://californiathroughmylens.com/wp-content/uploads/2013/05/San-Clemente-Beach-Trail-9.jpg
San Onofre State Beach,San Clemente,Orange County,2.4,2.2,https://www.surfline.com/surf-report/san-onofre-state-beach/584204204e65fad6a77099d4?camId=58349e583421b20545c4b567,https://www.californiabeaches.com/wp-content/uploads/2014/09/San-Onofre-Surf-Beach-Old-Mans-BryceApr16-3-650x388.jpg
The Point,San Clemente,Orange County,2,4,https://www.surfline.com/surf-report/the-point-at-san-onofre/5842041f4e65fad6a7708831,https://www.californiabeaches.com/wp-content/uploads/2014/09/bigs-Dusty-Payne-Surfing-at-Lower-Trestles-San-Clemente-CA-Large-e1482543496657-650x412.jpg
Church,San Clemente,Orange County,2,4,https://www.surfline.com/surf-report/church/5842041f4e65fad6a770888b,https://www.californiabeaches.com/wp-content/uploads/2014/09/3.27.14-San-Clemente-054-Large-e1527899553968-650x416.jpg
Middles,San Clemente,Orange County,5,4,https://www.surfline.com/surf-report/middles/5842041f4e65fad6a7708886,https://www.californiabeaches.com/wp-content/uploads/2014/09/3.27.14-San-Clemente-050-Large-650x459.jpg
Lower Trestles,San Clemente,Orange County,1.7,4,https://www.surfline.com/surf-report/lower-trestles/5842041f4e65fad6a770888a,https://www.californiabeaches.com/wp-content/uploads/2014/09/IMG_2620-Large1-e1470878430940-650x398.jpg
Upper Trestles,San Clemente,Orange County,1,3.8,https://www.surfline.com/surf-report/upper-trestles/5842041f4e65fad6a7708887,https://www.californiabeaches.com/wp-content/uploads/2014/09/bigs-Trestles-Surf-Competition-at-Lowers-Surf-Spot-San-Clemente-Large-650x414.jpg
Cottons,San Clemente,Orange County,3,3.5,https://www.surfline.com/surf-report/cottons/5842041f4e65fad6a7708884,https://www.surf-forecast.com/system/images/12474/thumb_col/Cottons-Point.jpg
San Clemente State Beach,San Clemente,Orange County,3,2,https://www.surfline.com/surf-report/san-clemente-state-beach/5842041f4e65fad6a77088cf,https://www.surf-forecast.com/system/images/11438/medium/San-Clemente-State-Park.jpg?1408606880
T Street,San Clemente,Orange County,2.3,1.3,https://www.surfline.com/surf-report/t-street-overview/5a3c011d3df801001b723885,https://www.surf-forecast.com/system/images/15421/thumb_col/T-Street.jpg
T Street Lefts,San Clemente,Orange County,2.3,1.3,https://www.surfline.com/surf-report/t-street-lefts/5842041f4e65fad6a77088d2,https://www.surf-forecast.com/system/images/15421/medium/T-Street.jpg?1452679751
San Clemente Pier,San Clemente,Orange County,2.8,3,https://www.surfline.com/surf-report/san-clemente-pier-northside/5cc8b55739a02e0001ac69f8?camId=5cddf27a77e6e6864e1bb17b,https://www.surf-forecast.com/system/images/21761/medium/San-Clemente-Pier.jpg?1577282916
Doheny Rivermouth,Dana Point,Orange County,2.2,2,https://www.surfline.com/surf-report/doheny-rivermouth/58bddc6082d034001252e3d1,https://www.surf-forecast.com/system/images/3307/thumb_col/Doheney-Beach.jpg
Doheny State Beach,Dana Point,Orange County,2.2,2,https://www.surfline.com/surf-report/doheny-state-beach/5842041f4e65fad6a77088d7?camId=5834981be411dc743a5d5286,https://www.californiabeaches.com/wp-content/uploads/2014/09/20150215_153744-Large-1000x524.jpg
Boneyard,Dana Point,Orange County,2.2,2,https://www.surfline.com/surf-report/boneyard-/58bde90e0cec4200133464ef,https://www.californiabeaches.com/wp-content/uploads/2014/09/IMG_0841-Large1-650x433.jpg
Strands,Dana Point,Orange County,2.8,3,https://www.surfline.com/surf-report/strands/5842041f4e65fad6a77088d5,https://www.californiabeaches.com/wp-content/uploads/2014/09/bigstock-A-cove-on-the-beach-in-Dana-Po-25896914-650x433.jpg
Salt Creek,Dana Point,Orange County,2,2.4,https://www.surfline.com/surf-report/salt-creek/5842041f4e65fad6a770882e?camId=58349fe73421b20545c4b57e,https://www.californiabeaches.com/wp-content/uploads/2014/09/Dana-Strand-Bryce2-Large-650x364.jpg
Aliso Creek,Laguna Beach,Orange County,2.9,3.3,https://www.surfline.com/surf-report/aliso-creek/5842041f4e65fad6a77088dc,https://www.visitlagunabeach.com/imager/s3-us-west-1_amazonaws_com/laguna-craft/craft/AlisoBeach_844285ee339c9cdd414d98916d77d4f8.jpg
Brooks Street,Laguna Beach,Orange County,2.9,3.3,https://www.surfline.com/surf-report/brooks-street/5842041f4e65fad6a77088dd,https://www.californiabeaches.com/wp-content/uploads/2014/09/Laguna-Beaches-3.28.14-088-e1466198215642-650x375.jpg
Thalia Street,Laguna Beach,Orange County,2.9,3.3,https://www.surfline.com/surf-report/thalia-street/5842041f4e65fad6a77088de,https://www.californiabeaches.com/wp-content/uploads/2014/09/Laguna-Beaches-3.28.14-054-Large-e1509425414152-650x383.jpg
Rockpile ,Laguna Beach,Orange County,4,3,https://www.surfline.com/surf-report/rockpile/5842041f4e65fad6a77088e3,https://www.californiabeaches.com/wp-content/uploads/2014/09/Laguna-Beaches-3.28.14-055-Large-e1509425373498-650x382.jpg
Crystal Cove,Newport Beach,Orange County,2.2,2.8,https://www.surfline.com/surf-report/crystal-cove/5842041f4e65fad6a7708f21,http://www.crystalcovestatepark.org/wp-content/uploads/2015/12/Reef-Point--e1470931279157.jpg
Corona del Mar ,Newport Beach,Orange County,1.5,3.5,https://www.surfline.com/surf-report/corona-del-mar/5842041f4e65fad6a77088f3,https://www.parks.ca.gov/pages/652/images/P0078527.jpg
The Wedge,Newport Beach,Orange County,1.8,4.5,https://www.surfline.com/surf-report/the-wedge/5842041f4e65fad6a770882b,https://www.surfertoday.com/images/stories/thewedgewave2.jpg
Newport Beach Pier,Newport Beach,Orange County,2.2,2.8,https://www.surfline.com/surf-report/newport-beach-pier/5842041f4e65fad6a770882c?camId=5cb6590e37ad9fe847480cef,https://www.visitcalifornia.com/sites/visitcalifornia.com/files/VC_NewportBeach_CoronaDelMar_Stock_RF_EHNYRW_1280x640.jpg
Newport Beach Southside,Newport Beach,Orange County,2.2,2.8,https://www.surfline.com/surf-report/newport-beach-southside/5bf5d3760fc49e0001b6d9cc,https://www.californiabeaches.com/wp-content/uploads/2016/06/bigs-Newport-Beach-pier-beach-looking-south-at-sunset-in-California-CALarge-e1509477484344-650x349.jpg
Newport Point,Newport Beach,Orange County,2,3.5,https://www.surfline.com/surf-report/newport-point/5842041f4e65fad6a77088f2,https://www.californiabeaches.com/wp-content/uploads/2016/06/29.png
"Newport Pier, Southside ",Newport Beach,Orange County,2,3.5,https://www.surfline.com/surf-report/newport-pier-southside/5d7142300b2fd10001761060,https://www.californiabeaches.com/wp-content/uploads/2014/09/bigstock-Newport-pier-beach-in-Californ-60891353-Custom-650x433.jpg
"Newport Pier, Northside",Newport Beach,Orange County,2,3.5,https://www.surfline.com/surf-report/newport-pier-northside/5d714316a5468500012cd277,https://www.californiabeaches.com/wp-content/uploads/2014/09/bigs-Newport-Beach-pier-after-sunset-California-81966383-Large-e1482907529800-650x405.jpg
Blackies,Newport Beach,Orange County,2,2.8,https://www.surfline.com/surf-report/blackies/584204204e65fad6a7709115?camId=582355e11ee905c72145623c,https://www.californiabeaches.com/wp-content/uploads/2014/09/IMG_1100-Large-650x340.jpg
Lower Jetties,Newport Beach,Orange County,4,3,https://www.surfline.com/surf-report/lower-jetties/584204214e65fad6a7709cde,https://www.californiabeaches.com/wp-content/uploads/2014/09/bigs-The-Wedge-Newport-Body-Surfer-Tossed-In-Huge-Wave-E1-Large-650x387.jpg
36 St,Newport Beach,Orange County,4,3,https://www.surfline.com/surf-report/36th-st-/5842041f4e65fad6a770882a,https://www.californiabeaches.com/wp-content/uploads/2014/09/IMG_1472-Large-650x487.jpg
40 ST,Newport Beach,Orange County,3,2,https://www.surfline.com/surf-report/40th-st-/5a26dd690f87fe001a0c70dc,https://www.californiabeaches.com/wp-content/uploads/2014/09/IMG_1479-Large-e1492653824255-650x400.jpg
Newport Jetties,Newport Beach,Orange County,3,2,https://www.surfline.com/surf-report/newport-jetties/5842041f4e65fad6a77088f6,https://www.californiabeaches.com/wp-content/uploads/2014/09/IMG_1478-Large-e1492653806939-650x398.jpg
54 St,Newport Beach,Orange County,3,3,https://www.surfline.com/surf-report/54th-st-/584204214e65fad6a7709cba,https://www.californiabeaches.com/wp-content/uploads/2014/09/IMG_6956-Large-650x432.jpg
56 st,Newport Beach,Orange County,3,3,https://www.surfline.com/surf-report/56th-st-/5842041f4e65fad6a7708e54?camId=583494b1e411dc743a5d5268,https://www.californiabeaches.com/wp-content/uploads/2014/09/Screenshot-2014-10-30-14.07.58-650x328.png
River Jetties South,Newport Beach,Orange County,2.3,2.3,https://www.surfline.com/surf-report/river-jetties-south/5d71404840693600012dcc36,https://www.californiabeaches.com/wp-content/uploads/2014/09/IMG_1544-Large-e1526000223833-650x393.jpg
River Jetties North,Newport Beach,Orange County,2.3,2.3,https://www.surfline.com/surf-report/river-jetties-north/5a26d9ce9caa98001b09d0e6,https://www.californiabeaches.com/wp-content/uploads/2014/09/IMG_1534-Large-e1525999581658-650x392.jpg
River Jetties,Newport Beach,Orange County,2.3,2.3,https://www.surfline.com/surf-report/river-jetties/5842041f4e65fad6a77088ee?camId=5834a0223421b20545c4b581,https://www.californiabeaches.com/wp-content/uploads/2014/09/bigs-Balboa-Peninsula-Beach-looking-at-pier-Newport-Beach-CA-E1-Large-e1482908929971-650x387.jpg
Huntington State Beach,Huntington Beach,Orange County,2.9,3.4,https://www.surfline.com/surf-report/huntington-state-beach/584204204e65fad6a770998c?camId=58349a66e411dc743a5d529a,https://www.californiabeaches.com/wp-content/uploads/2014/09/LOC-Huntington-Beach-Lifeguard-Tower-and-Pier-HB-e1510898263595-650x390.jpg
Newland St,Huntington Beach,Orange County,2.5,1.5,https://www.surfline.com/surf-report/newland-st-/5c6f2b831fca150001302d97,https://www.californiabeaches.com/wp-content/uploads/2014/09/bigstock-An-early-morning-image-of-a-pi-37248004-650x432.jpg
Huntington St,Huntington Beach,Orange County,2.9,3.4,https://www.surfline.com/surf-report/huntington-st-/58bdebbc82d034001252e3d2,https://www.californiabeaches.com/wp-content/uploads/2014/09/IMG_1156-Large-650x433.jpg
"HB Pier, Southside",Huntington Beach,Orange County,2,1,https://www.surfline.com/surf-report/hb-pier-southside-overview/58bdea400cec4200133464f0,https://www.californiabeaches.com/wp-content/uploads/2014/09/IMG_1150-Large-650x394.jpg
HB Southside,Huntington Beach,Orange County,2,1,https://www.surfline.com/surf-report/hb-southside/5842041f4e65fad6a77088ed?camId=583499cb3421b20545c4b53f,https://www.californiabeaches.com/wp-content/uploads/2014/09/bigstock-Surf-City-Huntington-Beach-Pie-24727454-650x433.jpg
"HB Pier, Northside",Huntington Beach,Orange County,2,1,https://www.surfline.com/surf-report/hb-pier-northside-overview/584204204e65fad6a77091aa?camId=58349a5c3421b20545c4b542,https://www.californiabeaches.com/wp-content/uploads/2014/09/IMG_1236-Large1-650x398.jpg
17 St,Huntington Beach,Orange County,2.9,3.4,https://www.surfline.com/surf-report/17th-st-/5842041f4e65fad6a77088eb,https://www.californiabeaches.com/wp-content/uploads/2014/09/IMG_1215-Large-650x403.jpg
Goldenwest,Huntington Beach,Orange County,2.9,3.4,https://www.surfline.com/surf-report/goldenwest/5842041f4e65fad6a77088ea,https://www.californiabeaches.com/wp-content/uploads/2014/09/IMG_1358-650x487.jpg
Bolsa Chica Jetties ,Huntington Beach,Orange County,2.3,2,https://www.surfline.com/surf-report/bolsa-chica-jetties/5d7144bd00594800013356b5,https://www.californiabeaches.com/wp-content/uploads/2014/09/IMG_6681-650x432.jpg
Bolsa Chica State Beach N,Huntington Beach,Orange County,2.3,2,https://www.surfline.com/surf-report/bolsa-chica-state-beach-n-/58bdee240cec4200133464f1,https://www.californiabeaches.com/wp-content/uploads/2014/09/IMG_1361-650x487.jpg
Bolsa Chica State Beach ,Huntington Beach,Orange County,2.3,2,https://www.surfline.com/surf-report/bolsa-chica-state-beach/5842041f4e65fad6a77088e8?camId=582356cc302ec90c4108c3e3,https://www.californiabeaches.com/wp-content/uploads/2014/09/IMG_1215-Large-650x403.jpg
Anderson St ,Sunset Beach,Orange County,3.5,3,https://www.surfline.com/surf-report/anderson-st-overview/5bd88d6a843497000100bb6e?camId=5bfd9c4173e2db334625c21b,https://www.surfline.com/surf-report/coronado-beach/5842041f4e65fad6a77088ce
Surfside,Sunset Beach,Orange County,3,3,https://www.surfline.com/surf-report/surfside/5842041f4e65fad6a77088e7,https://www.surfline.com/surf-report/sunset-cliffs/5842041f4e65fad6a7708840
"Seal Beach Pier, Southside",Seal Beach,Orange County,4,2.5,https://www.surfline.com/surf-report/seal-beach-pier-southside/5842041f4e65fad6a77088e4,https://www.surfline.com/surf-report/ocean-beach-pier-/59aedf63b5e8310014bbe375
"Seal Beach Pier, Northside",Seal Beach,Orange County,4,2.5,https://www.surfline.com/surf-report/seal-beach-pier-northside/5b71b95fc27dc6001ab8becf,https://www.surfline.com/surf-report/ocean-beach/5842041f4e65fad6a770883f
Seal Beach Jetty,Seal Beach,Orange County,4,2.5,https://www.surfline.com/surf-report/seal-beach-jetty/5842041f4e65fad6a7708820,https://www.surfline.com/surf-report/mission-beach/5842041f4e65fad6a7708842
Ray Bay,Seal Beach,Orange County,4,2.5,https://www.surfline.com/surf-report/ray-bay/5842041f4e65fad6a77088e5,https://www.surfline.com/surf-report/pacific-beach-south/5c53891576aef400012a0b67
Cabrillo Beach,San Pedro,Los Angeles County,4,4.5,https://www.surfline.com/surf-report/cabrillo-beach/5842041f4e65fad6a7708927,https://www.surfline.com/surf-report/pacific-beach/5842041f4e65fad6a7708841?camId=58349ea13421b20545c4b568
Lunada Bay,Palos Verdes Estates,Los Angeles County,2.3,4.3,https://www.surfline.com/surf-report/lunada-bay/5842041f4e65fad6a770892c,https://www.surfline.com/surf-report/old-man-s-at-tourmaline/5842041f4e65fad6a77088c4?camId=5f29e43f4a641b0b4103763b
PV Cove,Palos Verdes Estates,Los Angeles County,1.8,2.5,https://www.surfline.com/surf-report/pv-cove/5842041f4e65fad6a770892d,https://www.surfline.com/surf-report/pb-point/5842041f4e65fad6a77088c2
Haggerty,Palos Verdes Estates,Los Angeles County,2,2.8,https://www.surfline.com/surf-report/haggerty-s/5842041f4e65fad6a7708920,https://www.surfline.com/surf-report/birdrock/5842041f4e65fad6a770883a
Torrance Beach,Palos Verdes Estates,Los Angeles County,2.5,1.5,https://www.surfline.com/surf-report/torrance-beach/5af211c8bb6fd9001a25054a,https://www.surfline.com/surf-report/windansea/5842041f4e65fad6a770883c
Sapphire St,Redondo Beach,Los Angeles County,2,1,https://www.surfline.com/surf-report/sapphire-st-/584204214e65fad6a7709d0b,https://www.surfline.com/surf-report/horseshoe/5842041f4e65fad6a770883d
Redondo Breakwater,Redondo Beach,Los Angeles County,3.7,3,https://www.surfline.com/surf-report/redondo-breakwater/5842041f4e65fad6a7708921,https://www.surfline.com/surf-report/la-jolla-shores/5842041f4e65fad6a77088cc
Hermosa Pier Southside,Hermosa Beach,Los Angeles County,2.5,2.2,https://www.surfline.com/surf-report/hermosa-pier-southside/5b17293b9f631f001a010d54?camId=5b462afad7eac40015f50897,https://www.surfline.com/surf-report/scripps/5842041f4e65fad6a7708839?camId=5834a0733421b20545c4b584
Hermosa Pier Northside,Hermosa Beach,Los Angeles County,2.5,2.2,https://www.surfline.com/surf-report/hermosa-pier-northside/5b17281e4a274e001a11fcc3,https://www.surfline.com/surf-report/scripps-pier-northside/5d703b2ae4a3a8000133196a
Hermosa Beach,Hermosa Beach,Los Angeles County,2.5,2.2,https://www.surfline.com/surf-report/hermosa-beach/5842041f4e65fad6a7708904,https://www.surfline.com/surf-report/blacks/5842041f4e65fad6a770883b
Manhattan Pier Southside,Manhattan Beach,Los Angeles County,3.4,3.1,https://www.surfline.com/surf-report/manhattan-pier-southside/5842041f4e65fad6a7708907,https://www.surfline.com/surf-report/torrey-pines-state-beach/584204204e65fad6a7709994?camId=5fc815430279d0502a5d0645
Manhattan Pier Northside,Manhattan Beach,Los Angeles County,3.4,3.1,https://www.surfline.com/surf-report/manhattan-pier-northside/5acd24954031e5001a13854a,https://www.surfline.com/surf-report/15th-st-/5842041f4e65fad6a77088af
El Porto 39th St,Manhattan Beach,Los Angeles County,2,1,https://www.surfline.com/surf-report/el-porto-39th-st-/5842041f4e65fad6a7708906,https://www.surfline.com/surf-report/del-mar/5d7687fdb4c559000112e666
El Porto 41st St,Manhattan Beach,Los Angeles County,1.7,2.8,https://www.surfline.com/surf-report/el-porto-41st-st-/5d6847bda897100001ab02aa,https://www.surfline.com/surf-report/del-mar-beachbreak/5842041f4e65fad6a77088ae?camId=5b47dc4d49d3d8001a29f2d6
El Porto 42nd St,Manhattan Beach,Los Angeles County,1.7,2.8,https://www.surfline.com/surf-report/el-porto-42nd-st-/5a25e409aa1aea001b27be39?camId=5a203892096c27001ac4f18d,https://www.surfline.com/surf-report/25th-st-/584204214e65fad6a7709d14
El Porto 43rd St,Manhattan Beach,Los Angeles County,1.7,2.8,https://www.surfline.com/surf-report/el-porto-43rd-st-/5d684b426fcb630001f08a10,https://www.surf-forecast.com/system/images/21761/medium/San-Clemente-Pier.jpg?1577282916
Hammerland,Manhattan Beach,Los Angeles County,4,4,https://www.surfline.com/surf-report/hammerland/5842041f4e65fad6a7708902,https://www.surf-forecast.com/system/images/3307/thumb_col/Doheney-Beach.jpg
Shitpipe,El Segundo,Los Angeles County,4,1,https://www.surfline.com/surf-report/shitpipe/5842041f4e65fad6a7708900,https://www.californiabeaches.com/wp-content/uploads/2014/09/20150215_153744-Large-1000x524.jpg
Dockweiler,El Segundo,Los Angeles County,4,1,https://www.surfline.com/surf-report/dockweiler-state-beach/5842041f4e65fad6a77088ff,https://www.californiabeaches.com/wp-content/uploads/2014/09/IMG_0841-Large1-650x433.jpg
Venice Pier Southside Surf,Venice Beach,Los Angeles County,2,1,https://www.surfline.com/surf-report/venice-pier-southside/5accf279bd428f001ad70a34?camId=5ad8b57d14cfec00106f2a10,https://www.californiabeaches.com/wp-content/uploads/2014/09/bigstock-A-cove-on-the-beach-in-Dana-Po-25896914-650x433.jpg
Venice Pier Northside Surf,Venice Beach,Los Angeles County,2,1,https://www.surfline.com/surf-report/venice-pier-northside/5accf274bd428f001ad70a33?camId=5b1ad73eaa6e50000fc66f0e,https://www.californiabeaches.com/wp-content/uploads/2014/09/Dana-Strand-Bryce2-Large-650x364.jpg
Venice Beach ,Venice Beach,Los Angeles County,2.5,3,https://www.surfline.com/surf-report/venice-beach/5842041f4e65fad6a7708819,https://www.visitlagunabeach.com/imager/s3-us-west-1_amazonaws_com/laguna-craft/craft/AlisoBeach_844285ee339c9cdd414d98916d77d4f8.jpg
Venice Breakwater,Venice Beach,Los Angeles County,2.5,3,https://www.surfline.com/surf-report/venice-breakwater/590927576a2e4300134fbed8?camId=5834a1b6e411dc743a5d52f3,https://www.californiabeaches.com/wp-content/uploads/2014/09/Laguna-Beaches-3.28.14-088-e1466198215642-650x375.jpg
Santa Monica Beach South,Santa Monica,Los Angeles County,2,1,https://www.surfline.com/surf-report/santa-monica-beach-south/5af21e4c8a1a07001a4531dc,https://www.californiabeaches.com/wp-content/uploads/2014/09/Laguna-Beaches-3.28.14-054-Large-e1509425414152-650x383.jpg
Bay St,Santa Monica,Los Angeles County,2.5,2,https://www.surfline.com/surf-report/bay-st-/5d6562fdca83aa00012b47af,https://www.californiabeaches.com/wp-content/uploads/2014/09/Laguna-Beaches-3.28.14-055-Large-e1509425373498-650x382.jpg
Santa Monica Pier,Santa Monica,Los Angeles County,2.5,2.2,https://www.surfline.com/surf-report/santa-monica-pier/5842041f4e65fad6a77088f7,http://www.crystalcovestatepark.org/wp-content/uploads/2015/12/Reef-Point--e1470931279157.jpg
Santa Monica Pier North,Santa Monica,Los Angeles County,2.5,2.2,https://www.surfline.com/surf-report/santa-monica-pier-north/5b7efe06d7830b001a875b22,https://www.parks.ca.gov/pages/652/images/P0078527.jpg
Santa Monica Beach North,Santa Monica,Los Angeles County,2,1,https://www.surfline.com/surf-report/santa-monica-beach-north/5af21bc9177e44001a8cc60b,https://www.surfertoday.com/images/stories/thewedgewave2.jpg
Sunset Point,Santa Monica,Los Angeles County,2,2,https://www.surfline.com/surf-report/sunset-point/5842041f4e65fad6a7708914,https://www.visitcalifornia.com/sites/visitcalifornia.com/files/VC_NewportBeach_CoronaDelMar_Stock_RF_EHNYRW_1280x640.jpg
Sunset Beach,Santa Monica,Los Angeles County,2,2,https://www.surfline.com/surf-report/sunset-beach/584204214e65fad6a7709b9e,https://www.californiabeaches.com/wp-content/uploads/2016/06/bigs-Newport-Beach-pier-beach-looking-south-at-sunset-in-California-CALarge-e1509477484344-650x349.jpg
Chart House,Topanga Beach,Los Angeles County,4,4,https://www.surfline.com/surf-report/chart-house/5842041f4e65fad6a7708930,https://www.californiabeaches.com/wp-content/uploads/2016/06/29.png
Topanga Beach ,Topanga Beach,Los Angeles County,2,1.5,https://www.surfline.com/surf-report/topanga-beach/5842041f4e65fad6a770881e?camId=5834a1733421b20545c4b592,https://www.californiabeaches.com/wp-content/uploads/2014/09/bigstock-Newport-pier-beach-in-Californ-60891353-Custom-650x433.jpg
Malibu Third Point,Malibu Beach,Los Angeles County,1,2.6,https://www.surfline.com/surf-report/malibu-third-point/5c9134bb8e8d940001706997,https://www.californiabeaches.com/wp-content/uploads/2014/09/bigs-Newport-Beach-pier-after-sunset-California-81966383-Large-e1482907529800-650x405.jpg
Malibu First Point,Malibu Beach,Los Angeles County,1,2.6,https://www.surfline.com/surf-report/malibu-first-point/584204214e65fad6a7709b9f?camId=58349c1fe411dc743a5d52ad,https://www.californiabeaches.com/wp-content/uploads/2014/09/IMG_1100-Large-650x340.jpg
Malibu Surfrider,Malibu Beach,Los Angeles County,1,2.6,https://www.surfline.com/surf-report/malibu-surfrider-beach/5a8cacffb0f634001ada08fb,https://www.californiabeaches.com/wp-content/uploads/2014/09/bigs-The-Wedge-Newport-Body-Surfer-Tossed-In-Huge-Wave-E1-Large-650x387.jpg
Malibu Second Point,Malibu Beach,Los Angeles County,1,2.6,https://www.surfline.com/surf-report/malibu-second-point/5842041f4e65fad6a7708817?camId=58349c16e411dc743a5d52ac,https://www.californiabeaches.com/wp-content/uploads/2014/09/IMG_1472-Large-650x487.jpg
Latigo Point,Malibu Beach,Los Angeles County,2,2.6,https://www.surfline.com/surf-report/latigo-point/5842041f4e65fad6a7708937,https://www.californiabeaches.com/wp-content/uploads/2014/09/IMG_1479-Large-e1492653824255-650x400.jpg
Point Dume,Malibu Beach,Los Angeles County,1.7,3,https://www.surfline.com/surf-report/point-dume/5842041f4e65fad6a7708936,https://www.californiabeaches.com/wp-content/uploads/2014/09/IMG_1478-Large-e1492653806939-650x398.jpg
Westward Beach,Malibu Beach,Los Angeles County,2,3,https://www.surfline.com/surf-report/westward-beach/5d40baede7311400018b5b29,https://www.californiabeaches.com/wp-content/uploads/2014/09/IMG_6956-Large-650x432.jpg
Zuma Beach ,Malibu Beach,Los Angeles County,2.7,2.3,https://www.surfline.com/surf-report/zuma-beach/5afb6566bb6fd9001a250fbb?camId=5834a214e411dc743a5d52f9,https://www.californiabeaches.com/wp-content/uploads/2014/09/Screenshot-2014-10-30-14.07.58-650x328.png
Zuma Beach North,Malibu Beach,Los Angeles County,2.7,2.3,https://www.surfline.com/surf-report/zuma-beach-north/5b156d394a274e001a11fb62,https://www.californiabeaches.com/wp-content/uploads/2014/09/IMG_1544-Large-e1526000223833-650x393.jpg
Leo Carrilo,Malibu Beach,Los Angeles County,2.2,2,https://www.surfline.com/surf-report/leo-carrillo/5842041f4e65fad6a770893f,https://www.californiabeaches.com/wp-content/uploads/2014/09/IMG_1534-Large-e1525999581658-650x392.jpg
County Line,Malibu West,Los Angeles County,2.2,3,https://www.surfline.com/surf-report/county-line/5842041f4e65fad6a7708813?camId=583497433421b20545c4b531,https://www.californiabeaches.com/wp-content/uploads/2014/09/bigs-Balboa-Peninsula-Beach-looking-at-pier-Newport-Beach-CA-E1-Large-e1482908929971-650x387.jpg
Oxnard ,Oxnard Shores,Ventura County,3.5,4,https://www.surfline.com/surf-report/oxnard/5842041f4e65fad6a770894c,https://www.californiabeaches.com/wp-content/uploads/2014/09/LOC-Huntington-Beach-Lifeguard-Tower-and-Pier-HB-e1510898263595-650x390.jpg
C St,Ventura Beach,Ventura County,1.8,2.4,https://www.surfline.com/surf-report/c-st-/5842041f4e65fad6a7708828?camId=583496a0e411dc743a5d5276,https://www.californiabeaches.com/wp-content/uploads/2014/09/IMG_2928-Large-650x433.jpg
Ventura Point,Ventura Beach,Ventura County,1.8,2.4,https://www.surfline.com/surf-report/ventura-point/584204204e65fad6a77096b1?camId=5834a1c3e411dc743a5d52f4,https://www.californiabeaches.com/wp-content/uploads/2014/09/bigs-Sunset-At-Imperial-Beach-CA-with-Pier-Large-e1482471671800-650x423.jpg
Ventura Overhead,Ventura Beach,Ventura County,2,4,https://www.surfline.com/surf-report/ventura-overhead/5842041f4e65fad6a7708963,https://www.californiabeaches.com/wp-content/uploads/2014/09/bigstock-Imperial-Beach-City-Beach-and-Pier-Sunset-90695552-e1480389034625-650x416.jpg
Emma Wood,Ventura Beach,Ventura County,2,1,https://www.surfline.com/surf-report/emma-wood/5842041f4e65fad6a7708959,https://www.californiabeaches.com/wp-content/uploads/2014/09/IMG_1896-Large1-e1544571818231-650x370.jpg
Summer Beach,Ventura Beach,Ventura County,2.5,2.5,https://www.surfline.com/surf-report/summer-beach/5842041f4e65fad6a770895e,https://www.californiabeaches.com/wp-content/uploads/2014/09/Sunset-Cliffs-Park-San-Dieg-Bryce-feb2015-4-650x412.jpg
Gold Coast Beachbreaks,Ventura Beach,Ventura County,2.5,2.5,https://www.surfline.com/surf-report/gold-coast-beachbreaks/5842041f4e65fad6a770880d,https://www.californiabeaches.com/wp-content/uploads/2014/09/bigs-Ocean-Beach-San-Diego-California-161828237-Large-e1518554577262-650x396.jpg
Solimar,Ventura Beach,Ventura County,2,3,https://www.surfline.com/surf-report/solimar/5842041f4e65fad6a770895f,https://www.californiabeaches.com/wp-content/uploads/2014/09/IMG_0189-Large-650x433.jpg
Mondos,Ventura Beach,Ventura County,3,1.3,https://www.surfline.com/surf-report/mondos/584204204e65fad6a770904d,https://www.californiabeaches.com/wp-content/uploads/2014/09/IMG_3024crop-Large-650x452.jpg
Pitas Point,Ventura Beach,Ventura County,2,2.7,https://www.surfline.com/surf-report/pitas-point/5842041f4e65fad6a7708957,https://www.californiabeaches.com/wp-content/uploads/2014/09/bigs-Pacific-Beach-Aerial-View-with-Pier-PB-San-Diego-CA-E1-Large-e1509516135898-650x385.jpg
Stanley,Carpinteria,Santa Barbara County,2.5,2.5,https://www.surfline.com/surf-report/stanley-s/5842041f4e65fad6a7708944,https://www.californiabeaches.com/wp-content/uploads/2014/09/IMG_3068crop-Large-650x356.jpg
Oil Piers,Carpinteria,Santa Barbara County,2.5,2.5,https://www.surfline.com/surf-report/oil-piers/5842041f4e65fad6a7708945,https://www.californiabeaches.com/wp-content/uploads/2014/09/Tourmaline-Surf-Park-Beach-Bryce-Apr2016-9-650x429.jpg
Mussel Shoals,Carpinteria,Santa Barbara County,2.5,2.5,https://www.surfline.com/surf-report/mussel-shoals-aka-little-rincon-/5842041f4e65fad6a770895a,https://www.californiabeaches.com/wp-content/uploads/2014/09/Tourmaline-Surf-Park-Beach-Bryce-Apr2016-3-650x468.jpg
Rincon,Carpinteria,Santa Barbara County,2.5,2.5,https://www.surfline.com/surf-report/rincon/5842041f4e65fad6a7708814,https://www.californiabeaches.com/wp-content/uploads/2014/09/IMG_3218-Large-650x433.jpg
Tarpits,Carpinteria,Santa Barbara County,3,2,https://www.surfline.com/surf-report/tarpits/5842041f4e65fad6a7708975,https://www.californiabeaches.com/wp-content/uploads/2014/09/bigs-La-Jolla-CA-Windansea-Beach-E1-Large-650x367.jpg
Carpinteria State Beach,Carpinteria,Santa Barbara County,3,2,https://www.surfline.com/surf-report/carpinteria-state-beach/5842041f4e65fad6a770896e,https://www.californiabeaches.com/wp-content/uploads/2014/09/bigs-La-Jolla-Beach-with-people-on-rocks-at-sunset-147576329-Large-650x410.jpg
Hammond,Santa Barbara,Santa Barbara County,1.5,4.5,https://www.surfline.com/surf-report/hammond-s/5842041f4e65fad6a7708967,https://www.californiabeaches.com/wp-content/uploads/2014/09/IMG_3373-Large-650x432.jpg
Santa Barbara Harbor,Santa Barbara,Santa Barbara County,2.5,2.5,https://www.surfline.com/surf-report/santa-barbara-harbor/584204214e65fad6a7709d18,https://www.californiabeaches.com/wp-content/uploads/2014/09/bigs-Scripps-pier-in-La-Jolla-at-sunset-with-beautiful-relfections-socal-Large-650x396.jpg
Sandspit ,Santa Barbara,Santa Barbara County,2,2.5,https://www.surfline.com/surf-report/sandspit/5842041f4e65fad6a7708966,https://www.californiabeaches.com/wp-content/uploads/2014/09/IMG_3393-Large-e1465938612888-650x392.jpg
Leadbetter Beach,Santa Barbara,Santa Barbara County,2.8,2.2,https://www.surfline.com/surf-report/leadbetter-beach/58bdf54982d034001252e3d5,https://www.californiabeaches.com/wp-content/uploads/2014/09/BigS-Overlooking-Blacks-Beach-San-Diego-CA-Large-e1512026583176-650x408.jpg
Leadbetter Point,Santa Barbara,Santa Barbara County,2.8,2.2,https://www.surfline.com/surf-report/leadbetter-point/5842041f4e65fad6a7708960?camId=58349bc9e411dc743a5d52a7,https://www.californiabeaches.com/wp-content/uploads/2014/09/Flat-Rock-beach-Torrey-Pines-State-Beach-preserve-la-jolla-san-diego-ca-bryce-pic-4-Large-650x422.jpg
Campus Point,Isla Vista,Santa Barbara County,2.6,2.7,https://www.surfline.com/surf-report/campus-point/5842041f4e65fad6a770896c,https://www.californiabeaches.com/wp-content/uploads/2014/09/IMG_1892-Large1-650x452.jpg
Devereux,Isla Vista,Santa Barbara County,2.3,2,https://www.surfline.com/surf-report/devereux/5842041f4e65fad6a7708962,https://www.californiabeaches.com/wp-content/uploads/2014/09/IMG_1886-Large1-e1503531242232-650x402.jpg
Sands,Isla Vista,Santa Barbara County,2,2.2,https://www.surfline.com/surf-report/sands/5842041f4e65fad6a7708964,https://www.californiabeaches.com/wp-content/uploads/2014/09/IMG_9552-Large-650x433.jpg
El Capitan,Isla Vista,Santa Barbara County,2.5,4.2,https://www.surfline.com/surf-report/el-capitan/5842041f4e65fad6a7708968,https://www.californiabeaches.com/wp-content/uploads/2014/09/IMG_9531-Large-650x433.jpg
Refugio,Solvang,Santa Barbara County,3,2,https://www.surfline.com/surf-report/refugio/5842041f4e65fad6a7708961,https://www.californiabeaches.com/wp-content/uploads/2014/09/IMG_9550-Large-650x433.jpg
Point Conception ,Jalama,Santa Barbara County,3,3.5,https://www.surfline.com/surf-report/point-conception/5842041f4e65fad6a7708990,https://www.californiabeaches.com/wp-content/uploads/2014/09/Cardiff-State-Beach-Seaside-BryceApr16-2-650x349.jpg
Jalama,Lompoc,Santa Barbara County,3,3.5,https://www.surfline.com/surf-report/jalama/5842041f4e65fad6a7708991,https://www.californiabeaches.com/wp-content/uploads/2014/09/IMG_9428-Large-650x433.jpg
Surf Beach,Vandenberg Air Force Base,Santa Barbara County,4,4,https://www.surfline.com/surf-report/surf-beach/5842041f4e65fad6a7708996,https://www.californiabeaches.com/wp-content/uploads/2014/09/Cardiff-State-Beach-Seaside-BryceApr16-5-650x394.jpg
Oceano,Oceano,San Luis Obispo County,4,1,https://www.surfline.com/surf-report/oceano/584204214e65fad6a7709d01,https://www.californiabeaches.com/wp-content/uploads/2014/09/Cardiff-State-Beach-North-Encinitas-BryceApr16-4-650x459.jpg
Oceano Pier Ave,Oceano,San Luis Obispo County,4,1,https://www.surfline.com/surf-report/oceano-pier-ave-/5a1c9be49caa98001b09d0e1,https://www.californiabeaches.com/wp-content/uploads/2014/09/San-Elijo-State-Beach-Encinitas-bryceApr16-2-e1493337502831-650x400.jpg
Grover Beach,Grover Beach,San Luis Obispo County,2.5,3,https://www.surfline.com/surf-report/grover-beach/5dbf1b86573ec300011071da,https://spot-thumbnails.cdn-surfline.com/spots/584204214e65fad6a7709c79/584204214e65fad6a7709c79_1500.jpg
Pismo Beach Pier Southside,Pismo Beach,San Luis Obispo County,2.5,3,https://www.surfline.com/surf-report/pismo-beach-pier-southside/584204214e65fad6a7709cfa?camId=5f7357a7c041442d2cc07921,https://fastly.4sqi.net/img/general/200x200/1074117_Sxk3CddcSyORmbCFY9X-OgdTf_5uM1AC37XLK54l8tI.jpg
Pismo Beach Pier Northside,Pismo Beach,San Luis Obispo County,2.5,3,https://www.surfline.com/surf-report/pismo-beach-pier-northside/5842041f4e65fad6a77089ac,https://www.californiabeaches.com/wp-content/uploads/2014/09/IMG_9263-Large-650x433.jpg
Pismo Beach Pier Northside,Pismo Beach,San Luis Obispo County,2.5,3,https://www.surfline.com/surf-report/pismo-beach-pier-northside-overview/584204214e65fad6a7709cfb,https://www.californiabeaches.com/wp-content/uploads/2014/09/IMG_9308-Large1-650x450.jpg
Shell Beach South,Pismo Beach,San Luis Obispo County,2.5,3,https://www.surfline.com/surf-report/shell-beach-south/584204214e65fad6a7709d06,https://www.californiabeaches.com/wp-content/uploads/2014/09/IMG_1866-Large2-650x488.jpg
Shell Beach Surf,Avila Beach,San Luis Obispo County,2.5,2.5,https://www.surfline.com/surf-report/shell-beach/584204204e65fad6a77093cc?camId=5834a09be411dc743a5d52e7,https://www.californiabeaches.com/wp-content/uploads/2014/09/bigs-Beacons-Beach-looking-north-Encintas-CA-168083300-Large-650x406.jpg
Avila Beach,Avila Beach,San Luis Obispo County,2.5,2.5,https://www.surfline.com/surf-report/avila-beach/5842041f4e65fad6a77089ab,https://www.californiabeaches.com/wp-content/uploads/2014/09/IMG_3507-Large-e1466817314872-1000x617.jpg
Cable Landing,Los Osos ,San Luis Obispo County,2.5,2.5,https://www.surfline.com/surf-report/cable-landing/5842041f4e65fad6a77089a4,https://www.californiabeaches.com/wp-content/uploads/2014/09/IMG_9244-Large-650x463.jpg
Baywood Beach,Los Osos ,San Luis Obispo County,2.5,2.5,https://www.surfline.com/surf-report/baywood-beach/584204214e65fad6a7709cfe,https://www.californiabeaches.com/wp-content/uploads/2014/09/IMG_9240-Large1-650x433.jpg
Morro Bay ,Morro Bay,San Luis Obispo County,3,2,https://www.surfline.com/surf-report/morro-bay/5842041f4e65fad6a770880a?camId=5f1f3f987939d515202b4d28,https://www.californiabeaches.com/wp-content/uploads/2014/09/IMG_9242-Large1-650x423.jpg
Morro Strand South,Morro Bay,San Luis Obispo County,3,2,https://www.surfline.com/surf-report/morro-strand-south/584204214e65fad6a7709cf9,https://www.californiabeaches.com/wp-content/uploads/2014/09/bigs-View-north-toward-Terramar-Beach-in-Carlsbad-CA-Large-e1512696317274-650x414.jpg
Morro Strand North,Morro Bay,San Luis Obispo County,3,2,https://www.surfline.com/surf-report/morro-strand-north/5dd431a37355964f5b4edbb8,https://www.californiabeaches.com/wp-content/uploads/2014/09/IMG_2685-Large1-650x433.jpg
Cayucos Pier Southside,Cayucos,San Luis Obispo County,2.5,2.5,https://www.surfline.com/surf-report/cayucos-pier-southside-/5842041f4e65fad6a77089a2,https://www.californiabeaches.com/wp-content/uploads/2014/09/Beach-Day-3.26.14-222-Large-650x450.jpg
Santa Rosa Creek,Cambria,San Luis Obispo County,2,3.5,https://www.surfline.com/surf-report/santa-rosa-creek/5842041f4e65fad6a770899e,https://www.californiabeaches.com/wp-content/uploads/2014/09/Carlsbad-City-Beach-BryceApr16-4-650x427.jpg
Moonstone,Cambria,San Luis Obispo County,2,2.7,https://www.surfline.com/surf-report/moonstone/5842041f4e65fad6a770899c,https://www.californiabeaches.com/wp-content/uploads/2014/09/Beach-Day-3.26.14-395-Large-650x444.jpg
San Simeon,Cambria,San Luis Obispo County,4,4,https://www.surfline.com/surf-report/san-simeon/5842041f4e65fad6a77089a9,https://www.californiabeaches.com/wp-content/uploads/2014/09/bigs-Oceanside-Beach-Lifeguard-Tower-162931184-Large-e1512522347185-650x398.jpg
Pico Creek,Cambria,San Luis Obispo County,4,4,https://www.surfline.com/surf-report/pico-creek/5842041f4e65fad6a770899d,https://www.californiabeaches.com/wp-content/uploads/2014/09/bigs-Oceanside-Pier-View-South-Beach-seen-from-pier-donors-names-on-rail-E1-Large-650x385.jpg
Piedras Blancas,Cambria,San Luis Obispo County,2.5,2.5,https://www.surfline.com/surf-report/piedras-blancas/584204214e65fad6a7709d00?camId=58349ee5e411dc743a5d52cb,https://www.californiabeaches.com/wp-content/uploads/2014/09/Beach-Day-3.26.14-447-Large-650x396.jpg
Willow Creek,Cambria,San Luis Obispo County,2.5,2.5,https://www.surfline.com/surf-report/willow-creek/5842041f4e65fad6a7708bbb,https://www.californiabeaches.com/wp-content/uploads/2014/09/Beach-Day-3.26.14-444-Large-650x409.jpg
Sand Dollar,Plaskett,San Luis Obispo County,4,3,https://www.surfline.com/surf-report/sand-dollar-beach/5842041f4e65fad6a7708bb1,https://californiathroughmylens.com/wp-content/uploads/2013/05/San-Clemente-Beach-Trail-9.jpg
Big Sur Rivermouth,Big Sur,Monterey County,2.3,2.2,https://www.surfline.com/surf-report/big-sur-rivermouth/5842041f4e65fad6a7708bb4,https://www.californiabeaches.com/wp-content/uploads/2014/09/San-Onofre-Surf-Beach-Old-Mans-BryceApr16-3-650x388.jpg
Carmel Beach ,Carmel,Monterey County,2.3,2.2,https://www.surfline.com/surf-report/carmel-beach/5842041f4e65fad6a7708bb3,https://www.californiabeaches.com/wp-content/uploads/2014/09/bigs-Dusty-Payne-Surfing-at-Lower-Trestles-San-Clemente-CA-Large-e1482543496657-650x412.jpg
Ghost Tree,Carmel,Monterey County,5,4,https://www.surfline.com/surf-report/ghost-tree/5842041f4e65fad6a7708bb8,https://www.californiabeaches.com/wp-content/uploads/2014/09/3.27.14-San-Clemente-054-Large-e1527899553968-650x416.jpg
Mole Point,Pacific Grove,Monterey County,3.5,3,https://www.surfline.com/surf-report/mole-point/5842041f4e65fad6a7708bb5,https://www.californiabeaches.com/wp-content/uploads/2014/09/3.27.14-San-Clemente-050-Large-650x459.jpg
Asilomar,Pacific Grove,Monterey County,3.5,3,https://www.surfline.com/surf-report/asilomar/5842041f4e65fad6a7708bb7,https://www.californiabeaches.com/wp-content/uploads/2014/09/IMG_2620-Large1-e1470878430940-650x398.jpg
Boneyard Surf,Pacific Grove,Monterey County,3,3,https://www.surfline.com/surf-report/boneyard/5842041f4e65fad6a7708bb6,https://www.californiabeaches.com/wp-content/uploads/2014/09/bigs-Trestles-Surf-Competition-at-Lowers-Surf-Spot-San-Clemente-Large-650x414.jpg
Lovers Point,Pacific Grove,Monterey County,4,4,https://www.surfline.com/surf-report/lover-s-point/5842041f4e65fad6a7708bbc,https://www.surf-forecast.com/system/images/12474/thumb_col/Cottons-Point.jpg
Monterey Bay,Monterey,Monterey County,3,1,https://www.surfline.com/surf-report/monterey-bay/584204214e65fad6a7709d05,https://www.surf-forecast.com/system/images/11438/medium/San-Clemente-State-Park.jpg?1408606880
Monterey State Beach,Monterey,Monterey County,3,1,https://www.surfline.com/surf-report/monterey-state-beach/584204214e65fad6a7709d1f,https://www.surf-forecast.com/system/images/15421/thumb_col/T-Street.jpg
Marina State Beach,Marina ,Monterey County,3,1,https://www.surfline.com/surf-report/marina-state-beach/5842041f4e65fad6a7708941,https://www.surf-forecast.com/system/images/15421/medium/T-Street.jpg?1452679751
Moss Landing ,Moss Landing,Monterey County,4,4,https://www.surfline.com/surf-report/moss-landing/5842041f4e65fad6a7708bbf,https://www.surf-forecast.com/system/images/21761/medium/San-Clemente-Pier.jpg?1577282916
Manresa,La Selva Beach,Santa Cruz County,3.3,2.3,https://www.surfline.com/surf-report/manresa/5842041f4e65fad6a770898e,https://www.surf-forecast.com/system/images/3307/thumb_col/Doheney-Beach.jpg
Capitola,Capitola ,Santa Cruz County,3.5,2,https://www.surfline.com/surf-report/capitola/5842041f4e65fad6a7708ddf,https://www.californiabeaches.com/wp-content/uploads/2014/09/20150215_153744-Large-1000x524.jpg
The Hook,Santa Cruz,Santa Cruz County,2,3,https://www.surfline.com/surf-report/the-hook/584204204e65fad6a7709996,https://www.californiabeaches.com/wp-content/uploads/2014/09/IMG_0841-Large1-650x433.jpg
Jacks,Santa Cruz,Santa Cruz County,2.5,2.5,https://www.surfline.com/surf-report/jack-s/5842041f4e65fad6a770880b,https://www.californiabeaches.com/wp-content/uploads/2014/09/bigstock-A-cove-on-the-beach-in-Dana-Po-25896914-650x433.jpg
Pleasure Point,Santa Cruz,Santa Cruz County,1.5,3.3,https://www.surfline.com/surf-report/pleasure-point/5842041f4e65fad6a7708807?camId=5cf0124c4f41df57b971a9a4,https://www.californiabeaches.com/wp-content/uploads/2014/09/Dana-Strand-Bryce2-Large-650x364.jpg
26th Ave,Santa Cruz,Santa Cruz County,3.5,2.5,https://www.surfline.com/surf-report/26th-ave/5842041f4e65fad6a770898a,https://www.visitlagunabeach.com/imager/s3-us-west-1_amazonaws_com/laguna-craft/craft/AlisoBeach_844285ee339c9cdd414d98916d77d4f8.jpg
The Harbor ,Santa Cruz,Santa Cruz County,3,4,https://www.surfline.com/surf-report/the-harbor/5842041f4e65fad6a7708988,https://www.californiabeaches.com/wp-content/uploads/2014/09/Laguna-Beaches-3.28.14-088-e1466198215642-650x375.jpg
Cowells Overview,Santa Cruz,Santa Cruz County,2,2,https://www.surfline.com/surf-report/cowells-overview/584204214e65fad6a7709d20,https://www.californiabeaches.com/wp-content/uploads/2014/09/Laguna-Beaches-3.28.14-054-Large-e1509425414152-650x383.jpg
Cowells,Santa Cruz,Santa Cruz County,2,2,https://www.surfline.com/surf-report/cowells/5842041f4e65fad6a7708806?camId=58349794e411dc743a5d527f,https://www.californiabeaches.com/wp-content/uploads/2014/09/Laguna-Beaches-3.28.14-055-Large-e1509425373498-650x382.jpg
Steamer Lane,Santa Cruz,Santa Cruz County,1.3,3.7,https://www.surfline.com/surf-report/steamer-lane/5842041f4e65fad6a7708805?camId=5834a0de3421b20545c4b58a,http://www.crystalcovestatepark.org/wp-content/uploads/2015/12/Reef-Point--e1470931279157.jpg
Mitchells Cove,Santa Cruz,Santa Cruz County,2,4,https://www.surfline.com/surf-report/mitchell-s-cove/5842041f4e65fad6a7708987,https://www.parks.ca.gov/pages/652/images/P0078527.jpg
Natural Bridges,Santa Cruz,Santa Cruz County,2,4,https://www.surfline.com/surf-report/natural-bridges/5842041f4e65fad6a7708986,https://www.surfertoday.com/images/stories/thewedgewave2.jpg
Three Mile,Santa Cruz,Santa Cruz County,2,3.3,https://www.surfline.com/surf-report/three-mile/5e618490277db7f194f080fa,https://www.visitcalifornia.com/sites/visitcalifornia.com/files/VC_NewportBeach_CoronaDelMar_Stock_RF_EHNYRW_1280x640.jpg
Four Mile,Santa Cruz,Santa Cruz County,2,3.3,https://www.surfline.com/surf-report/four-mile/5842041f4e65fad6a7708981,https://www.californiabeaches.com/wp-content/uploads/2016/06/bigs-Newport-Beach-pier-beach-looking-south-at-sunset-in-California-CALarge-e1509477484344-650x349.jpg
Davenport,Bonny Doon,Santa Cruz County,2.2,2.8,https://www.surfline.com/surf-report/davenport/5842041f4e65fad6a7708983,https://www.californiabeaches.com/wp-content/uploads/2016/06/29.png
Scott Creek,Bonny Doon,Santa Cruz County,4,1,https://www.surfline.com/surf-report/scott-creek/5842041f4e65fad6a7708982,https://www.californiabeaches.com/wp-content/uploads/2014/09/bigstock-Newport-pier-beach-in-Californ-60891353-Custom-650x433.jpg
Waddell Creek,Bonny Doon,Santa Cruz County,3.5,2,https://www.surfline.com/surf-report/waddell-creek/5842041f4e65fad6a7708980,https://www.californiabeaches.com/wp-content/uploads/2014/09/bigs-Newport-Beach-pier-after-sunset-California-81966383-Large-e1482907529800-650x405.jpg
Ano Nuevo,Pacifica,San Mateo County,3,4,https://www.surfline.com/surf-report/ano-nuevo/5842041f4e65fad6a770897f,https://www.californiabeaches.com/wp-content/uploads/2014/09/IMG_1100-Large-650x340.jpg
Pigeon Point,Pacifica,San Mateo County,3,3,https://www.surfline.com/surf-report/pigeon-point/5842041f4e65fad6a770897e,https://www.californiabeaches.com/wp-content/uploads/2014/09/bigs-The-Wedge-Newport-Body-Surfer-Tossed-In-Huge-Wave-E1-Large-650x387.jpg
Pescadero,Pacifica,San Mateo County,3,1.7,https://www.surfline.com/surf-report/pescadero/5842041f4e65fad6a770897d,https://www.californiabeaches.com/wp-content/uploads/2014/09/IMG_1472-Large-650x487.jpg
Tunitas Creek,Pacifica,San Mateo County,2.5,2.5,https://www.surfline.com/surf-report/tunitas-creek/5842041f4e65fad6a7708972,https://www.californiabeaches.com/wp-content/uploads/2014/09/IMG_1479-Large-e1492653824255-650x400.jpg
Half Moon Bay ,Pacifica,San Mateo County,2.5,2.5,https://www.surfline.com/surf-report/half-moon-bay/5842041f4e65fad6a770896f,https://www.californiabeaches.com/wp-content/uploads/2014/09/IMG_1478-Large-e1492653806939-650x398.jpg
Princeton Jetty,Pacifica,San Mateo County,2,1,https://www.surfline.com/surf-report/princeton-jetty/5842041f4e65fad6a7708970,https://www.californiabeaches.com/wp-content/uploads/2014/09/IMG_6956-Large-650x432.jpg
Mavericks ,Pacifica,San Mateo County,2.5,4.6,https://www.surfline.com/surf-report/maverick-s/5842041f4e65fad6a7708801,https://www.californiabeaches.com/wp-content/uploads/2014/09/Screenshot-2014-10-30-14.07.58-650x328.png
Montara,Pacifica,San Mateo County,4,4,https://www.surfline.com/surf-report/montara/5842041f4e65fad6a7708974,https://www.californiabeaches.com/wp-content/uploads/2014/09/IMG_1544-Large-e1526000223833-650x393.jpg
Pedro Point,Pacifica,San Mateo County,4,4,https://www.surfline.com/surf-report/pedro-point/5842041f4e65fad6a7708978,https://www.californiabeaches.com/wp-content/uploads/2014/09/IMG_1534-Large-e1525999581658-650x392.jpg
Pacifica ,Pacifica,San Mateo County,4,4,https://www.surfline.com/surf-report/pacifica-linda-mar/5842041f4e65fad6a7708976,https://www.californiabeaches.com/wp-content/uploads/2014/09/bigs-Balboa-Peninsula-Beach-looking-at-pier-Newport-Beach-CA-E1-Large-e1482908929971-650x387.jpg
Rockaway,Pacifica,San Mateo County,3,4,https://www.surfline.com/surf-report/rockaway/5842041f4e65fad6a7708979,https://www.californiabeaches.com/wp-content/uploads/2014/09/LOC-Huntington-Beach-Lifeguard-Tower-and-Pier-HB-e1510898263595-650x390.jpg
Sharp Park ,Pacifica,San Mateo County,2,4,https://www.surfline.com/surf-report/sharp-park/5842041f4e65fad6a770897c,https://www.californiabeaches.com/wp-content/uploads/2014/09/bigstock-An-early-morning-image-of-a-pi-37248004-650x432.jpg
South Ocean Beach,San Francisco,San Francisco County,3.3,3,https://www.surfline.com/surf-report/south-ocean-beach/5842041f4e65fad6a77087f9,https://www.californiabeaches.com/wp-content/uploads/2014/09/IMG_1156-Large-650x433.jpg
Central Ocean Beach South,San Francisco,San Francisco County,3.3,3,https://www.surfline.com/surf-report/central-ocean-beach-south/58bdd8fca7ce4b00126f7bb0,https://www.californiabeaches.com/wp-content/uploads/2014/09/IMG_1150-Large-650x394.jpg
Central Ocean Beach North ,San Francisco,San Francisco County,3.3,3,https://www.surfline.com/surf-report/central-ocean-beach-north/58bdda3582d034001252e3d0,https://www.californiabeaches.com/wp-content/uploads/2014/09/bigstock-Surf-City-Huntington-Beach-Pie-24727454-650x433.jpg
North Ocean Beach,San Francisco,San Francisco County,3.3,3,https://www.surfline.com/surf-report/north-ocean-beach/5d9b68deab58860001c7359e,https://www.californiabeaches.com/wp-content/uploads/2014/09/IMG_1236-Large1-650x398.jpg
Fort Point,San Francisco,San Francisco County,2,4,https://www.surfline.com/surf-report/fort-point/5842041f4e65fad6a770897a,https://www.californiabeaches.com/wp-content/uploads/2014/09/IMG_1215-Large-650x403.jpg
Fort Cronkite,Marin City,Marin County,3,2.5,https://www.surfline.com/surf-report/fort-cronkite-rodeo-beach/5842041f4e65fad6a77089bf,https://www.californiabeaches.com/wp-content/uploads/2014/09/IMG_1358-650x487.jpg
Stinson Beach,Marin City,Marin County,3.5,2,https://www.surfline.com/surf-report/stinson-beach/5842041f4e65fad6a77089c1,https://www.californiabeaches.com/wp-content/uploads/2014/09/IMG_6681-650x432.jpg
Point Reyes,Inverness,Marin County,2.5,3,https://www.surfline.com/surf-report/point-reyes-north-/5842041f4e65fad6a77089c3,https://www.californiabeaches.com/wp-content/uploads/2014/09/IMG_1361-650x487.jpg
Dillon Beach,Bodega Bay,Sonoma County,3.8,2.6,https://www.surfline.com/surf-report/dillon-beach/584204204e65fad6a770938c,https://www.californiabeaches.com/wp-content/uploads/2014/09/IMG_1215-Large-650x403.jpg
Doran Beach,Bodega Bay,Sonoma County,2.6,1.6,https://www.surfline.com/surf-report/doran-beach/5842041f4e65fad6a77089c6,https://www.surfline.com/surf-report/coronado-beach/5842041f4e65fad6a77088ce
Salmon Creek,Bodega Bay,Sonoma County,3.3,3.7,https://www.surfline.com/surf-report/salmon-creek/5842041f4e65fad6a77089c8,https://www.surfline.com/surf-report/sunset-cliffs/5842041f4e65fad6a7708840
Russian Rivermouth,Monte Rio,Sonoma County,3,3,https://www.surfline.com/surf-report/russian-rivermouth/5842041f4e65fad6a77089c7,https://www.surfline.com/surf-report/ocean-beach-pier-/59aedf63b5e8310014bbe375
Black Point Beach,Sea Ranch,Sonoma County,4,1,https://www.surfline.com/surf-report/black-point-beach/5842041f4e65fad6a77089c9,https://www.surfline.com/surf-report/ocean-beach/5842041f4e65fad6a770883f
Point Arena,Medocino,Medocino County,3,2,https://www.surfline.com/surf-report/point-arena/5842041f4e65fad6a7708b46,https://www.surfline.com/surf-report/mission-beach/5842041f4e65fad6a7708842
Medocino Township,Fort Bragg,Medocino County,3,3,https://www.surfline.com/surf-report/mendocino-township/5842041f4e65fad6a7708b41,https://www.surfline.com/surf-report/pacific-beach-south/5c53891576aef400012a0b67
Caspar Beach,Fort Bragg,Medocino County,2.5,2.5,https://www.surfline.com/surf-report/caspar-beach/584204204e65fad6a770997d,https://www.surfline.com/surf-report/pacific-beach/5842041f4e65fad6a7708841?camId=58349ea13421b20545c4b568
Jug Handle,Fort Bragg,Medocino County,2.5,2.5,https://www.surfline.com/surf-report/jug-handle-state-beach-/59b1abae85802b0021bc25f2,https://www.surfline.com/surf-report/old-man-s-at-tourmaline/5842041f4e65fad6a77088c4?camId=5f29e43f4a641b0b4103763b
MacKerricher,Fort Bragg,Medocino County,2.5,2.5,https://www.surfline.com/surf-report/mackerricher/5842041f4e65fad6a7708b40,https://www.surfline.com/surf-report/pb-point/5842041f4e65fad6a77088c2
Westport,Fort Bragg,Medocino County,2.5,2.5,https://www.surfline.com/surf-report/westport/5842041f4e65fad6a7708b3f,https://www.surfline.com/surf-report/birdrock/5842041f4e65fad6a770883a
Shelter Cove,Redway,Humboldt County,3,3,https://www.surfline.com/surf-report/shelter-cove/5842041f4e65fad6a77089ba,https://www.surfline.com/surf-report/windansea/5842041f4e65fad6a770883c
North Jetty ,Bayview,Humboldt County,3,3.3,https://www.surfline.com/surf-report/north-jetty/5842041f4e65fad6a77089bc,https://www.surfline.com/surf-report/horseshoe/5842041f4e65fad6a770883d
Humboldt Harbor Entrance,Bayview,Humboldt County,3,4,https://www.surfline.com/surf-report/humboldt-harbor-entrance/5842041f4e65fad6a77089bb,https://www.californiabeaches.com/wp-content/uploads/2014/09/Beach-Day-3.26.14-222-Large-650x450.jpg
Westhaven,Westhaven,Humboldt County,4,4,https://www.surfline.com/surf-report/westhaven/5842041f4e65fad6a77089bd,https://www.californiabeaches.com/wp-content/uploads/2014/09/Carlsbad-City-Beach-BryceApr16-4-650x427.jpg
Patricks Point,Westhaven,Humboldt County,4,4,https://www.surfline.com/surf-report/patricks-point/5842041f4e65fad6a77089be,https://www.californiabeaches.com/wp-content/uploads/2014/09/Beach-Day-3.26.14-395-Large-650x444.jpg
South Beach,Bertsch,Del Norte County,3.5,1,https://www.surfline.com/surf-report/south-beach-ca/5842041f4e65fad6a77089c0,https://www.californiabeaches.com/wp-content/uploads/2014/09/bigs-Oceanside-Beach-Lifeguard-Tower-162931184-Large-e1512522347185-650x398.jpg